Id,TARGET_5Yrs
0,0.7743821
1,0.74806046
2,0.9125909
3,0.9487083
4,0.72523105
5,0.9017056
6,0.6967574
7,0.74657387
8,0.8357179
9,0.563355
10,0.8034075
11,0.9122067
12,0.7482753
13,0.91419286
14,0.95128435
15,0.9307341
16,0.9168988
17,0.7925862
18,0.6058943
19,0.90622014
20,0.9732238
21,0.98347914
22,0.8898997
23,0.74330705
24,0.87035286
25,0.9204068
26,0.85885215
27,0.96348894
28,0.89696646
29,0.8222554
30,0.83607566
31,0.7473199
32,0.7264708
33,0.66726726
34,0.68654513
35,0.62189955
36,0.7046964
37,0.64959896
38,0.78104895
39,0.93765736
40,0.9681742
41,0.77704275
42,0.7449458
43,0.79059803
44,0.8275897
45,0.83154356
46,0.75491923
47,0.7607631
48,0.73283714
49,0.72945565
50,0.7609147
51,0.7793664
52,0.91552556
53,0.47410613
54,0.9659118
55,0.7881276
56,0.8771598
57,0.4725113
58,0.87616765
59,0.9787002
60,0.92609864
61,0.8244228
62,0.8077645
63,0.9589685
64,0.84724736
65,0.52490324
66,0.73935974
67,0.61766976
68,0.7027561
69,0.8492948
70,0.950714
71,0.9081334
72,0.8379255
73,0.70863813
74,0.80819666
75,0.7630204
76,0.7479579
77,0.7744236
78,0.8751478
79,0.95826316
80,0.9262097
81,0.86876696
82,0.8749892
83,0.6901339
84,0.696427
85,0.4576306
86,0.77127457
87,0.76916116
88,0.66428065
89,0.7689603
90,0.89647806
91,0.59738857
92,0.9134418
93,0.9391622
94,0.78714097
95,0.9268751
96,0.948137
97,0.94822425
98,0.55505514
99,0.89382046
100,0.84341055
101,0.87944156
102,0.93726885
103,0.82842886
104,0.8398347
105,0.8789666
106,0.92734385
107,0.5294213
108,0.8973133
109,0.67467934
110,0.9505185
111,0.80469763
112,0.5776806
113,0.92586845
114,0.87910986
115,0.9693825
116,0.77914727
117,0.6397857
118,0.73925996
119,0.67752457
120,0.93029153
121,0.6615388
122,0.94706315
123,0.89681715
124,0.80518514
125,0.9155132
126,0.76829165
127,0.87849295
128,0.89420027
129,0.7332671
130,0.84270555
131,0.9362481
132,0.7650397
133,0.80410564
134,0.83395815
135,0.8447484
136,0.89755124
137,0.9247965
138,0.8581404
139,0.7120402
140,0.9220579
141,0.8918372
142,0.73306865
143,0.74383307
144,0.68728095
145,0.8368109
146,0.6345651
147,0.65684867
148,0.92166644
149,0.6642695
150,0.88444436
151,0.80645484
152,0.7429419
153,0.9172616
154,0.9068545
155,0.92745554
156,0.52363634
157,0.79556566
158,0.9638769
159,0.593677
160,0.7221052
161,0.93444663
162,0.7054439
163,0.6857171
164,0.82193035
165,0.9168729
166,0.9482942
167,0.70818776
168,0.95438164
169,0.93154496
170,0.6565378
171,0.69108623
172,0.90548456
173,0.9297301
174,0.9144371
175,0.9079539
176,0.70212424
177,0.7415752
178,0.7500485
179,0.66605645
180,0.84572464
181,0.98768204
182,0.9287121
183,0.64175576
184,0.8901423
185,0.6174621
186,0.4291004
187,0.8975234
188,0.93616253
189,0.70412517
190,0.6662087
191,0.7486403
192,0.7483407
193,0.8502559
194,0.906348
195,0.7200887
196,0.9516354
197,0.76821524
198,0.7042166
199,0.72237587
200,0.7429842
201,0.77565944
202,0.56233007
203,0.8094664
204,0.67820275
205,0.51148415
206,0.7539271
207,0.92637736
208,0.7498786
209,0.9563975
210,0.80450207
211,0.92017096
212,0.962672
213,0.90853894
214,0.87261987
215,0.9478863
216,0.7335638
217,0.6239521
218,0.7242121
219,0.92216676
220,0.98181975
221,0.8410114
222,0.7792421
223,0.5816337
224,0.9059014
225,0.69627726
226,0.85670185
227,0.9131201
228,0.68503684
229,0.76115316
230,0.9081538
231,0.76069087
232,0.7723289
233,0.937466
234,0.8109129
235,0.97290087
236,0.86613226
237,0.65247554
238,0.8349789
239,0.9418018
240,0.96936417
241,0.86545974
242,0.87930167
243,0.8561942
244,0.93140554
245,0.73524183
246,0.4819991
247,0.7339245
248,0.6524744
249,0.82141596
250,0.53446937
251,0.8968511
252,0.84956187
253,0.9681543
254,0.8772055
255,0.87962806
256,0.76273173
257,0.84283274
258,0.64521486
259,0.85060245
260,0.9263497
261,0.583712
262,0.9105906
263,0.64042294
264,0.51020664
265,0.8320167
266,0.8692006
267,0.75717753
268,0.8110801
269,0.80948997
270,0.79586965
271,0.75069356
272,0.6495156
273,0.84867316
274,0.8169174
275,0.82581216
276,0.7837238
277,0.92491394
278,0.9765097
279,0.59566504
280,0.7701141
281,0.83159095
282,0.93648875
283,0.91171086
284,0.7665772
285,0.93329304
286,0.701242
287,0.8848808
288,0.94213164
289,0.9429474
290,0.80713934
291,0.63048804
292,0.894872
293,0.7652773
294,0.7764298
295,0.5445624
296,0.7950628
297,0.92553943
298,0.9584013
299,0.8597898
300,0.61613387
301,0.95074385
302,0.718833
303,0.92981905
304,0.8934827
305,0.8667848
306,0.88094014
307,0.5631666
308,0.667233
309,0.7869954
310,0.8971803
311,0.8323605
312,0.7051947
313,0.79206
314,0.64233375
315,0.8601903
316,0.9371404
317,0.92039376
318,0.6932762
319,0.8418901
320,0.725834
321,0.94847995
322,0.74301744
323,0.8023279
324,0.6186784
325,0.86524177
326,0.9261825
327,0.6989271
328,0.89659005
329,0.6334607
330,0.8951667
331,0.812671
332,0.842475
333,0.8938368
334,0.8090686
335,0.76083565
336,0.8919448
337,0.87514484
338,0.83713615
339,0.7184196
340,0.9199757
341,0.6963161
342,0.8950936
343,0.5939676
344,0.9359035
345,0.88170016
346,0.6809584
347,0.8299372
348,0.6871711
349,0.9188509
350,0.7736245
351,0.6512323
352,0.85150427
353,0.91715
354,0.92264324
355,0.865426
356,0.68131214
357,0.7409791
358,0.8285745
359,0.8201171
360,0.7689306
361,0.69151396
362,0.4969498
363,0.9028827
364,0.80020094
365,0.60889274
366,0.8394662
367,0.9007435
368,0.623315
369,0.9267225
370,0.90047413
371,0.7583623
372,0.9289357
373,0.8661624
374,0.9871351
375,0.9529108
376,0.89933884
377,0.7470653
378,0.66391206
379,0.42658776
380,0.8053491
381,0.82926816
382,0.81547666
383,0.853744
384,0.7254799
385,0.43387806
386,0.7424065
387,0.9305718
388,0.8318219
389,0.82302016
390,0.8644066
391,0.7973794
392,0.758311
393,0.91975754
394,0.6402285
395,0.87103546
396,0.6593316
397,0.87995285
398,0.7593264
399,0.9351993
400,0.64333534
401,0.8726697
402,0.89778703
403,0.91662556
404,0.78146076
405,0.46072045
406,0.9444873
407,0.8186284
408,0.8667204
409,0.8390494
410,0.8952439
411,0.80706686
412,0.9026202
413,0.9528836
414,0.71353537
415,0.9757888
416,0.90291405
417,0.9041582
418,0.75317585
419,0.8924655
420,0.8554127
421,0.82736456
422,0.8478246
423,0.8234786
424,0.644425
425,0.8701611
426,0.70147806
427,0.72173446
428,0.85086256
429,0.79716146
430,0.76652896
431,0.7953175
432,0.81035244
433,0.92628366
434,0.89166325
435,0.95034707
436,0.7846476
437,0.7032117
438,0.86067635
439,0.73208916
440,0.85707843
441,0.9453137
442,0.93495846
443,0.75954115
444,0.5945568
445,0.80820316
446,0.71781
447,0.66746646
448,0.7488568
449,0.7598285
450,0.90322864
451,0.8081753
452,0.907367
453,0.8176549
454,0.95945364
455,0.8040178
456,0.8958055
457,0.9205675
458,0.86974627
459,0.61413735
460,0.7364219
461,0.7076288
462,0.76590705
463,0.7281547
464,0.9506994
465,0.76427686
466,0.80263394
467,0.88545245
468,0.9007762
469,0.4943733
470,0.91650397
471,0.93503565
472,0.91813487
473,0.9160786
474,0.8000861
475,0.8617468
476,0.89677817
477,0.69643307
478,0.74436265
479,0.9784202
480,0.875542
481,0.7325983
482,0.8648847
483,0.7687124
484,0.5456051
485,0.7354467
486,0.8040144
487,0.85861284
488,0.73255426
489,0.6937752
490,0.7359184
491,0.8626557
492,0.56152934
493,0.8881048
494,0.8842904
495,0.9171002
496,0.77146983
497,0.8156275
498,0.7007035
499,0.84717524
500,0.8225882
501,0.7092037
502,0.98169804
503,0.6621122
504,0.9086967
505,0.7866283
506,0.69245386
507,0.8809726
508,0.89385116
509,0.755227
510,0.753111
511,0.91388637
512,0.6194557
513,0.78122365
514,0.78906494
515,0.9450692
516,0.78359544
517,0.82151556
518,0.782919
519,0.805496
520,0.9812231
521,0.7710447
522,0.90079254
523,0.6217327
524,0.6810665
525,0.5235425
526,0.89444137
527,0.9053738
528,0.79963464
529,0.84834266
530,0.88463867
531,0.9215389
532,0.74650794
533,0.79666585
534,0.94956607
535,0.5589892
536,0.75438046
537,0.848612
538,0.6761516
539,0.80004686
540,0.777314
541,0.7446323
542,0.8805791
543,0.8445075
544,0.7932593
545,0.9423869
546,0.940467
547,0.73555124
548,0.6509505
549,0.6939904
550,0.7918713
551,0.90889174
552,0.6220328
553,0.7495342
554,0.6902337
555,0.8310573
556,0.81494915
557,0.62547755
558,0.8395337
559,0.756065
560,0.77976376
561,0.8813063
562,0.9603527
563,0.69148004
564,0.5690291
565,0.75185573
566,0.83386314
567,0.7190308
568,0.83748496
569,0.8264708
570,0.8648117
571,0.91237265
572,0.84864867
573,0.8404479
574,0.90786195
575,0.76726276
576,0.55419225
577,0.8862003
578,0.8995335
579,0.92366874
580,0.78965515
581,0.86369026
582,0.7681604
583,0.5922431
584,0.73060673
585,0.8025926
586,0.6801817
587,0.9876946
588,0.9621261
589,0.83790386
590,0.95251346
591,0.8270338
592,0.93673277
593,0.84659356
594,0.6285505
595,0.7008189
596,0.9380681
597,0.7864105
598,0.77109414
599,0.6638953
600,0.9362275
601,0.77358323
602,0.95217633
603,0.8743609
604,0.89040774
605,0.6675094
606,0.9020115
607,0.8611912
608,0.73522884
609,0.91316724
610,0.80458516
611,0.84316635
612,0.75209963
613,0.9480534
614,0.78571826
615,0.82189083
616,0.8741393
617,0.8692476
618,0.68349546
619,0.76986223
620,0.9565584
621,0.9103151
622,0.8852482
623,0.83716464
624,0.9505652
625,0.8126006
626,0.902071
627,0.90820014
628,0.8804042
629,0.96478194
630,0.8769658
631,0.9303192
632,0.8451512
633,0.593181
634,0.8992348
635,0.7715575
636,0.87313503
637,0.7545061
638,0.6999877
639,0.9298623
640,0.97608477
641,0.84611315
642,0.78922725
643,0.89902395
644,0.7811523
645,0.8389267
646,0.757896
647,0.6821923
648,0.8301005
649,0.91887116
650,0.7379032
651,0.7744407
652,0.6992283
653,0.850406
654,0.812936
655,0.7194455
656,0.36485922
657,0.83999515
658,0.81804955
659,0.9147535
660,0.8343606
661,0.7314798
662,0.6961544
663,0.92252606
664,0.78783196
665,0.76011795
666,0.8691188
667,0.8127422
668,0.81383544
669,0.58627033
670,0.9382352
671,0.7798695
672,0.78677756
673,0.85799545
674,0.64238405
675,0.8426423
676,0.85414374
677,0.50807846
678,0.8535165
679,0.5790934
680,0.8061925
681,0.9530565
682,0.67733574
683,0.8485694
684,0.9650856
685,0.7835833
686,0.655901
687,0.907893
688,0.8346227
689,0.46602395
690,0.7420496
691,0.50328255
692,0.9533905
693,0.87393194
694,0.9388359
695,0.8445524
696,0.7734328
697,0.78579426
698,0.8846605
699,0.80333036
700,0.9052551
701,0.72427744
702,0.8568652
703,0.73762333
704,0.72946143
705,0.65485996
706,0.8938059
707,0.8833063
708,0.51642704
709,0.6395274
710,0.8405572
711,0.8610231
712,0.948723
713,0.8612645
714,0.820327
715,0.86688465
716,0.9511836
717,0.84944654
718,0.93761855
719,0.5662198
720,0.8722622
721,0.95657784
722,0.82370836
723,0.8034652
724,0.827774
725,0.67216134
726,0.9432047
727,0.70077246
728,0.9603406
729,0.7500582
730,0.8617429
731,0.76258385
732,0.66083777
733,0.6307856
734,0.7757105
735,0.70279753
736,0.8118473
737,0.8875059
738,0.82203174
739,0.7788781
740,0.83171445
741,0.81057256
742,0.9327722
743,0.85357785
744,0.7708162
745,0.94483095
746,0.85205805
747,0.8025215
748,0.8055964
749,0.6825276
750,0.7620917
751,0.67707974
752,0.7981654
753,0.8728325
754,0.5903762
755,0.81903774
756,0.9748481
757,0.72936416
758,0.77616686
759,0.8683906
760,0.62405545
761,0.61928064
762,0.5738118
763,0.9237786
764,0.87473255
765,0.8734497
766,0.7218702
767,0.93949753
768,0.7337226
769,0.9462644
770,0.9419725
771,0.90567094
772,0.9564499
773,0.6386603
774,0.6270697
775,0.95150423
776,0.9560332
777,0.8665674
778,0.60590446
779,0.76972276
780,0.8850172
781,0.912528
782,0.9466709
783,0.91821015
784,0.8332665
785,0.91141933
786,0.81797504
787,0.92364776
788,0.74076813
789,0.9044603
790,0.8995149
791,0.8297571
792,0.7417561
793,0.88772696
794,0.8486184
795,0.64787096
796,0.5478978
797,0.8228207
798,0.7646637
799,0.90866697
800,0.8108456
801,0.7544956
802,0.85487163
803,0.79355675
804,0.7612584
805,0.8922902
806,0.7922216
807,0.94724214
808,0.89185536
809,0.7647544
810,0.90882844
811,0.80193806
812,0.9649599
813,0.8139263
814,0.8815378
815,0.84966093
816,0.7779819
817,0.86013955
818,0.8564037
819,0.7797323
820,0.8476019
821,0.90811396
822,0.5692609
823,0.6636064
824,0.51623315
825,0.7029358
826,0.8906706
827,0.5728743
828,0.8284825
829,0.8535735
830,0.85436827
831,0.7885511
832,0.7107032
833,0.92397714
834,0.6762601
835,0.9330958
836,0.46357325
837,0.9007431
838,0.57630175
839,0.86955196
840,0.9397363
841,0.85515934
842,0.7969023
843,0.6651266
844,0.7947706
845,0.7642737
846,0.92043734
847,0.74335414
848,0.640355
849,0.8005616
850,0.82823867
851,0.8334929
852,0.8060248
853,0.83026
854,0.80419546
855,0.7435765
856,0.87164855
857,0.7871567
858,0.8769324
859,0.94578767
860,0.8758613
861,0.8664533
862,0.73724115
863,0.78707784
864,0.92182726
865,0.67728823
866,0.7948064
867,0.73292935
868,0.70901054
869,0.9532791
870,0.6811871
871,0.8974103
872,0.8608212
873,0.76778525
874,0.5998822
875,0.7658732
876,0.8551652
877,0.82858205
878,0.8075141
879,0.77873814
880,0.668799
881,0.443416
882,0.808521
883,0.79945374
884,0.89977366
885,0.9168505
886,0.70938057
887,0.91061944
888,0.93870705
889,0.718801
890,0.8232823
891,0.8427239
892,0.826273
893,0.9296034
894,0.6560746
895,0.8772218
896,0.7877006
897,0.8120549
898,0.81392324
899,0.7090939
900,0.71411824
901,0.8224816
902,0.796918
903,0.7438675
904,0.7480106
905,0.8535936
906,0.89040357
907,0.684259
908,0.75380856
909,0.57170194
910,0.66936886
911,0.9439614
912,0.6780639
913,0.7208235
914,0.88189805
915,0.6702951
916,0.77874845
917,0.7384782
918,0.9387618
919,0.669508
920,0.6701129
921,0.7862724
922,0.9673817
923,0.6508057
924,0.6731856
925,0.76233023
926,0.77857184
927,0.43192247
928,0.71848345
929,0.84363925
930,0.68447244
931,0.8933707
932,0.8109497
933,0.80837417
934,0.8805113
935,0.84116036
936,0.8020747
937,0.60611033
938,0.86894757
939,0.87642527
940,0.83704484
941,0.8638027
942,0.7322683
943,0.8578472
944,0.68978626
945,0.8809643
946,0.96319526
947,0.76304746
948,0.82449883
949,0.74570733
950,0.8369788
951,0.8741336
952,0.9307932
953,0.6677057
954,0.8000749
955,0.8894812
956,0.9185306
957,0.81090707
958,0.78396726
959,0.86314726
960,0.8506415
961,0.7760665
962,0.7615726
963,0.7802044
964,0.4880301
965,0.97443646
966,0.8185543
967,0.8481647
968,0.90817183
969,0.79740554
970,0.9340411
971,0.8872588
972,0.63898504
973,0.8348688
974,0.7861527
975,0.7560386
976,0.69044393
977,0.9231481
978,0.45271724
979,0.95480335
980,0.90045255
981,0.72422487
982,0.5833969
983,0.8502965
984,0.9020325
985,0.8535041
986,0.8445163
987,0.911553
988,0.81868255
989,0.9626504
990,0.8123867
991,0.93334943
992,0.8146232
993,0.8589646
994,0.9649931
995,0.9464331
996,0.8569909
997,0.5666628
998,0.53810894
999,0.88454276
1000,0.64402664
1001,0.84143317
1002,0.7759686
1003,0.59847844
1004,0.67925
1005,0.8363704
1006,0.9076582
1007,0.8431702
1008,0.87111974
1009,0.8322275
1010,0.87506497
1011,0.8618048
1012,0.58755374
1013,0.91543484
1014,0.8600345
1015,0.5327291
1016,0.69878477
1017,0.76435417
1018,0.930865
1019,0.8804819
1020,0.89009655
1021,0.8597384
1022,0.8347053
1023,0.68253505
1024,0.60815644
1025,0.6102222
1026,0.77748454
1027,0.63882685
1028,0.83140814
1029,0.86705875
1030,0.6529859
1031,0.6866027
1032,0.88662106
1033,0.7161991
1034,0.7830158
1035,0.7089335
1036,0.8984742
1037,0.5802239
1038,0.9636009
1039,0.74698436
1040,0.904304
1041,0.9104385
1042,0.8209066
1043,0.9054685
1044,0.7640422
1045,0.95215183
1046,0.8594224
1047,0.88587385
1048,0.7408721
1049,0.9181003
1050,0.8914196
1051,0.8032389
1052,0.8842209
1053,0.8068534
1054,0.8988001
1055,0.47176775
1056,0.8148802
1057,0.82299155
1058,0.82366735
1059,0.8130945
1060,0.95315593
1061,0.7883426
1062,0.5915613
1063,0.6971697
1064,0.9269295
1065,0.58496314
1066,0.8915928
1067,0.7127503
1068,0.9585916
1069,0.92395806
1070,0.9662438
1071,0.6909763
1072,0.8440197
1073,0.9361181
1074,0.92331034
1075,0.85924387
1076,0.63444656
1077,0.74986684
1078,0.85249585
1079,0.8098085
1080,0.95485574
1081,0.94652534
1082,0.8909818
1083,0.71586895
1084,0.9836262
1085,0.7635678
1086,0.6029863
1087,0.801336
1088,0.8203522
1089,0.8286432
1090,0.79326606
1091,0.53316414
1092,0.8689765
1093,0.81388116
1094,0.5505461
1095,0.69031096
1096,0.6598526
1097,0.91713417
1098,0.9136144
1099,0.7881359
1100,0.7255059
1101,0.94067895
1102,0.67392194
1103,0.5632408
1104,0.7611059
1105,0.8442427
1106,0.8772797
1107,0.8315554
1108,0.9025581
1109,0.7615877
1110,0.72755533
1111,0.81187034
1112,0.97131664
1113,0.83053535
1114,0.63088596
1115,0.8119457
1116,0.74983805
1117,0.9657715
1118,0.74687064
1119,0.8950018
1120,0.6902331
1121,0.8566723
1122,0.6322063
1123,0.806481
1124,0.84331936
1125,0.8618944
1126,0.8662642
1127,0.740152
1128,0.82298785
1129,0.93385476
1130,0.4601629
1131,0.8880457
1132,0.939798
1133,0.8245217
1134,0.84834445
1135,0.64074147
1136,0.80744755
1137,0.79532206
1138,0.764389
1139,0.89975053
1140,0.845449
1141,0.6452737
1142,0.82796824
1143,0.7735539
1144,0.8357398
1145,0.8059652
1146,0.87762874
1147,0.7287871
1148,0.66422784
1149,0.9434538
1150,0.8915507
1151,0.7946367
1152,0.8272593
1153,0.6788393
1154,0.87470305
1155,0.4777413
1156,0.82115376
1157,0.8377255
1158,0.877134
1159,0.8474835
1160,0.88419414
1161,0.84964484
1162,0.8397684
1163,0.7297543
1164,0.85224706
1165,0.82690656
1166,0.8651556
1167,0.8198098
1168,0.6178803
1169,0.9139888
1170,0.85111964
1171,0.7470111
1172,0.6592452
1173,0.8644379
1174,0.67904353
1175,0.72926307
1176,0.76114374
1177,0.90800256
1178,0.78396827
1179,0.85355616
1180,0.7540629
1181,0.9222794
1182,0.65716463
1183,0.77432984
1184,0.7546092
1185,0.7461541
1186,0.7442546
1187,0.86490124
1188,0.88552105
1189,0.843012
1190,0.70208
1191,0.8824732
1192,0.76142085
1193,0.76315725
1194,0.9361824
1195,0.9331035
1196,0.76801646
1197,0.9201682
1198,0.94934094
1199,0.9262507
1200,0.7033604
1201,0.81488305
1202,0.6116732
1203,0.64770436
1204,0.94660723
1205,0.6581397
1206,0.88939184
1207,0.88912356
1208,0.6454252
1209,0.8295286
1210,0.910027
1211,0.7080954
1212,0.8294066
1213,0.80098724
1214,0.87901324
1215,0.9044991
1216,0.8808367
1217,0.76980466
1218,0.86517775
1219,0.57661873
1220,0.83091754
1221,0.60671735
1222,0.8562366
1223,0.8873057
1224,0.71706605
1225,0.73829705
1226,0.80685234
1227,0.8188793
1228,0.695261
1229,0.6629952
1230,0.88210964
1231,0.6423908
1232,0.59018743
1233,0.7023302
1234,0.84717226
1235,0.8211263
1236,0.7051162
1237,0.7317831
1238,0.90221494
1239,0.87609667
1240,0.6318486
1241,0.95409214
1242,0.8719992
1243,0.87822634
1244,0.83486325
1245,0.86222893
1246,0.5198595
1247,0.7797902
1248,0.6652458
1249,0.70410264
1250,0.41263545
1251,0.5380087
1252,0.7500024
1253,0.81625766
1254,0.7149761
1255,0.75974005
1256,0.87334174
1257,0.94535726
1258,0.89501405
1259,0.9478365
1260,0.8406993
1261,0.87874734
1262,0.8835623
1263,0.84275824
1264,0.7659439
1265,0.72753125
1266,0.72298485
1267,0.9292583
1268,0.9425113
1269,0.7215386
1270,0.9542545
1271,0.5437811
1272,0.8792859
1273,0.7488393
1274,0.80745935
1275,0.7347577
1276,0.92517257
1277,0.694131
1278,0.9199421
1279,0.8275149
1280,0.8990229
1281,0.5178131
1282,0.79275984
1283,0.8378621
1284,0.6443872
1285,0.95545334
1286,0.75909215
1287,0.91385543
1288,0.73099095
1289,0.8587272
1290,0.87651265
1291,0.87939316
1292,0.91387576
1293,0.84033036
1294,0.8589056
1295,0.8551214
1296,0.8178519
1297,0.92549264
1298,0.8283291
1299,0.78542763
1300,0.8039469
1301,0.7367319
1302,0.883889
1303,0.86842144
1304,0.6545701
1305,0.95936775
1306,0.4512909
1307,0.8479288
1308,0.553219
1309,0.8445542
1310,0.86241484
1311,0.9431244
1312,0.83362776
1313,0.8868182
1314,0.83514434
1315,0.65236026
1316,0.9167946
1317,0.8773646
1318,0.79182047
1319,0.5566504
1320,0.78622895
1321,0.67726827
1322,0.86471367
1323,0.9019156
1324,0.9792645
1325,0.9508123
1326,0.94503874
1327,0.8821284
1328,0.7657132
1329,0.70794004
1330,0.8949077
1331,0.9469578
1332,0.7960523
1333,0.8560826
1334,0.9320509
1335,0.86024064
1336,0.7534486
1337,0.9199854
1338,0.8587224
1339,0.78009313
1340,0.8737053
1341,0.7794428
1342,0.78326416
1343,0.789883
1344,0.5243605
1345,0.47442058
1346,0.94276744
1347,0.9924575
1348,0.7553198
1349,0.83577144
1350,0.94573414
1351,0.88254446
1352,0.86530596
1353,0.8754349
1354,0.7386249
1355,0.7865991
1356,0.85975087
1357,0.8761644
1358,0.73490846
1359,0.8614965
1360,0.8831807
1361,0.5564509
1362,0.8772329
1363,0.8604871
1364,0.8145171
1365,0.8785857
1366,0.80642116
1367,0.79364127
1368,0.63629484
1369,0.8976127
1370,0.64826095
1371,0.7596159
1372,0.7451437
1373,0.816483
1374,0.81211627
1375,0.73913133
1376,0.9464782
1377,0.57440853
1378,0.75656444
1379,0.7069942
1380,0.76775426
1381,0.6460632
1382,0.73292077
1383,0.8493252
1384,0.67320114
1385,0.6567687
1386,0.7974282
1387,0.9091369
1388,0.77809834
1389,0.71485955
1390,0.6142229
1391,0.8869553
1392,0.8072114
1393,0.6077146
1394,0.8877495
1395,0.8792143
1396,0.96100026
1397,0.9366648
1398,0.8480697
1399,0.79116213
1400,0.7632152
1401,0.82858944
1402,0.85615796
1403,0.92075294
1404,0.87260777
1405,0.700905
1406,0.757761
1407,0.44799414
1408,0.5788854
1409,0.54038125
1410,0.9023879
1411,0.9470797
1412,0.8400559
1413,0.9061909
1414,0.8074344
1415,0.9380662
1416,0.89218825
1417,0.5049576
1418,0.8131551
1419,0.9208056
1420,0.72373855
1421,0.89449763
1422,0.9459162
1423,0.65604216
1424,0.8393915
1425,0.886121
1426,0.78651834
1427,0.8342078
1428,0.6002761
1429,0.86084515
1430,0.6596508
1431,0.8760999
1432,0.71521425
1433,0.56268215
1434,0.8003793
1435,0.84709454
1436,0.9081187
1437,0.66419554
1438,0.92804426
1439,0.84082943
1440,0.9185766
1441,0.71568143
1442,0.88104665
1443,0.58322096
1444,0.8143644
1445,0.85758346
1446,0.78000665
1447,0.7647807
1448,0.9209367
1449,0.62889373
1450,0.67153233
1451,0.8458929
1452,0.5561195
1453,0.8508402
1454,0.88070893
1455,0.8598947
1456,0.89787334
1457,0.7360297
1458,0.909495
1459,0.86968136
1460,0.7606234
1461,0.8250456
1462,0.7361618
1463,0.7522233
1464,0.69175327
1465,0.75489885
1466,0.6988854
1467,0.9597147
1468,0.58531946
1469,0.88622695
1470,0.55925304
1471,0.64330095
1472,0.9861312
1473,0.6861417
1474,0.681362
1475,0.92355615
1476,0.73958313
1477,0.54715014
1478,0.8955679
1479,0.62798977
1480,0.697006
1481,0.62679726
1482,0.47022468
1483,0.7285862
1484,0.7476554
1485,0.8962601
1486,0.7930897
1487,0.9776789
1488,0.87882495
1489,0.8810512
1490,0.9641089
1491,0.88365084
1492,0.8380895
1493,0.77074766
1494,0.93989766
1495,0.92297816
1496,0.90386605
1497,0.64985996
1498,0.8184819
1499,0.9436625
1500,0.8115727
1501,0.898859
1502,0.8106698
1503,0.58733475
1504,0.8281703
1505,0.7592981
1506,0.77558345
1507,0.5429031
1508,0.85795337
1509,0.8955564
1510,0.8945198
1511,0.89114857
1512,0.92724365
1513,0.8664367
1514,0.7364363
1515,0.83150965
1516,0.94148743
1517,0.83961034
1518,0.9678307
1519,0.76372814
1520,0.9384785
1521,0.7277654
1522,0.75891554
1523,0.80880105
1524,0.7423413
1525,0.8157207
1526,0.8797007
1527,0.87432045
1528,0.73063105
1529,0.86911666
1530,0.7319945
1531,0.8584041
1532,0.66487896
1533,0.7660068
1534,0.66722125
1535,0.94003844
1536,0.6231808
1537,0.75168896
1538,0.6281487
1539,0.71353745
1540,0.9526885
1541,0.7764424
1542,0.90383625
1543,0.8096329
1544,0.70134664
1545,0.9221608
1546,0.85576814
1547,0.8909262
1548,0.9279632
1549,0.8934506
1550,0.90588397
1551,0.8864266
1552,0.7928058
1553,0.60302687
1554,0.9119202
1555,0.84212714
1556,0.8833692
1557,0.8591498
1558,0.6163343
1559,0.9257614
1560,0.5604256
1561,0.7837833
1562,0.5368864
1563,0.70548755
1564,0.94091666
1565,0.72891456
1566,0.76236445
1567,0.84507614
1568,0.83957326
1569,0.8877777
1570,0.82689434
1571,0.7554373
1572,0.8647543
1573,0.88340944
1574,0.7120443
1575,0.8927476
1576,0.72731227
1577,0.8520653
1578,0.94886243
1579,0.87996566
1580,0.8364502
1581,0.751346
1582,0.763204
1583,0.9049219
1584,0.91914773
1585,0.73350096
1586,0.9635547
1587,0.78140825
1588,0.8886531
1589,0.6773447
1590,0.7539387
1591,0.89919627
1592,0.8433934
1593,0.84962076
1594,0.79331315
1595,0.86301833
1596,0.7589488
1597,0.8753268
1598,0.9074538
1599,0.82653195
1600,0.9484731
1601,0.66359764
1602,0.8540373
1603,0.73133653
1604,0.858057
1605,0.96457547
1606,0.80288774
1607,0.848664
1608,0.9331122
1609,0.80222374
1610,0.78428066
1611,0.8386367
1612,0.8062428
1613,0.77315855
1614,0.7564227
1615,0.88110626
1616,0.9226182
1617,0.86090016
1618,0.8146827
1619,0.94418395
1620,0.7706931
1621,0.88673884
1622,0.6342199
1623,0.9100513
1624,0.65379405
1625,0.7751589
1626,0.92933244
1627,0.8541765
1628,0.8994842
1629,0.8105299
1630,0.88583034
1631,0.8352635
1632,0.8304483
1633,0.8763455
1634,0.8983017
1635,0.4922335
1636,0.65506816
1637,0.60054916
1638,0.86843044
1639,0.87030774
1640,0.6184144
1641,0.72790915
1642,0.9637006
1643,0.74509245
1644,0.5087345
1645,0.93528056
1646,0.7002466
1647,0.7115558
1648,0.83669525
1649,0.7154405
1650,0.82519525
1651,0.946377
1652,0.9004073
1653,0.8410139
1654,0.9109803
1655,0.57277155
1656,0.702398
1657,0.79711235
1658,0.85687673
1659,0.59037364
1660,0.8982364
1661,0.8751663
1662,0.8958353
1663,0.7510826
1664,0.6211953
1665,0.6403733
1666,0.9195641
1667,0.9595217
1668,0.69096863
1669,0.9112048
1670,0.7739269
1671,0.7470793
1672,0.8608569
1673,0.6577241
1674,0.8104568
1675,0.8111254
1676,0.9079642
1677,0.8912039
1678,0.78033626
1679,0.9181463
1680,0.95521396
1681,0.7332648
1682,0.77335143
1683,0.6412709
1684,0.92852616
1685,0.62389743
1686,0.77476984
1687,0.633735
1688,0.77644515
1689,0.86886436
1690,0.5553401
1691,0.92735064
1692,0.94447106
1693,0.63212115
1694,0.8856796
1695,0.9369499
1696,0.7513278
1697,0.69233924
1698,0.7613319
1699,0.66972965
1700,0.7818551
1701,0.61024255
1702,0.9197431
1703,0.73629284
1704,0.7849487
1705,0.5990511
1706,0.510314
1707,0.9533738
1708,0.6314358
1709,0.88715154
1710,0.84576946
1711,0.814366
1712,0.58141565
1713,0.8595138
1714,0.8214359
1715,0.8354628
1716,0.92752135
1717,0.9215753
1718,0.8599039
1719,0.7031615
1720,0.8328125
1721,0.947316
1722,0.675217
1723,0.7074961
1724,0.587698
1725,0.7004698
1726,0.79752606
1727,0.60751855
1728,0.97201914
1729,0.89569485
1730,0.84178615
1731,0.8319411
1732,0.66958714
1733,0.79286474
1734,0.9099573
1735,0.7406801
1736,0.7022094
1737,0.87828445
1738,0.6636244
1739,0.86059344
1740,0.88439196
1741,0.56078815
1742,0.8068403
1743,0.84299517
1744,0.9098893
1745,0.88939893
1746,0.9261285
1747,0.86302185
1748,0.9508736
1749,0.8067543
1750,0.87778735
1751,0.5890156
1752,0.6651435
1753,0.9535052
1754,0.706102
1755,0.71534395
1756,0.8340513
1757,0.850961
1758,0.76162106
1759,0.7811332
1760,0.74378896
1761,0.9547564
1762,0.8394608
1763,0.91170424
1764,0.9718393
1765,0.76372653
1766,0.9328395
1767,0.71939194
1768,0.95205337
1769,0.8349395
1770,0.73204
1771,0.7354026
1772,0.99347657
1773,0.88748455
1774,0.5950521
1775,0.5040634
1776,0.9325755
1777,0.67654145
1778,0.98235816
1779,0.8850201
1780,0.8121212
1781,0.9482574
1782,0.8678837
1783,0.7719707
1784,0.94943374
1785,0.7770581
1786,0.82664174
1787,0.79359794
1788,0.9119877
1789,0.84722245
1790,0.67025167
1791,0.7730373
1792,0.84864056
1793,0.8242518
1794,0.8600919
1795,0.88519657
1796,0.90888584
1797,0.7706496
1798,0.83023745
1799,0.8795819
1800,0.97386336
1801,0.9668481
1802,0.94294846
1803,0.9330817
1804,0.843759
1805,0.90736777
1806,0.6308491
1807,0.8894478
1808,0.6805761
1809,0.6297534
1810,0.8055747
1811,0.7445353
1812,0.96259063
1813,0.75705314
1814,0.8047216
1815,0.785066
1816,0.9041123
1817,0.81846416
1818,0.8992755
1819,0.8651597
1820,0.9494023
1821,0.69506925
1822,0.9733523
1823,0.89015263
1824,0.8740924
1825,0.50089407
1826,0.9443724
1827,0.7105559
1828,0.7482518
1829,0.57348305
1830,0.87063444
1831,0.76676285
1832,0.9181405
1833,0.7799415
1834,0.9071576
1835,0.79576826
1836,0.93408686
1837,0.91565764
1838,0.8098588
1839,0.8427081
1840,0.729082
1841,0.78034276
1842,0.9329999
1843,0.9608501
1844,0.77927387
1845,0.81806326
1846,0.6888701
1847,0.8600978
1848,0.7362891
1849,0.7708542
1850,0.94245064
1851,0.7345004
1852,0.7614926
1853,0.8713905
1854,0.9890954
1855,0.9192615
1856,0.8530631
1857,0.8214346
1858,0.9603267
1859,0.8735399
1860,0.8898554
1861,0.7312701
1862,0.8539332
1863,0.7989637
1864,0.7646569
1865,0.92620325
1866,0.823253
1867,0.6935791
1868,0.7718091
1869,0.8469301
1870,0.8937167
1871,0.93503827
1872,0.79297304
1873,0.64350754
1874,0.787972
1875,0.9334838
1876,0.80305874
1877,0.8522466
1878,0.6623732
1879,0.9735163
1880,0.85141766
1881,0.7442477
1882,0.8711118
1883,0.88677895
1884,0.85997534
1885,0.9249386
1886,0.8629869
1887,0.8336147
1888,0.4608621
1889,0.75572044
1890,0.79234874
1891,0.8163506
1892,0.8897126
1893,0.69292074
1894,0.73603165
1895,0.9092451
1896,0.88420653
1897,0.6555293
1898,0.87925005
1899,0.9851812
1900,0.8351823
1901,0.9171777
1902,0.7327849
1903,0.88784826
1904,0.7598875
1905,0.8876221
1906,0.90648085
1907,0.95489824
1908,0.73894215
1909,0.91049147
1910,0.6429468
1911,0.6716999
1912,0.5889556
1913,0.7760939
1914,0.9048141
1915,0.9164559
1916,0.7548349
1917,0.60792893
1918,0.71456057
1919,0.8856941
1920,0.8088729
1921,0.74929774
1922,0.7026482
1923,0.78011286
1924,0.9005421
1925,0.756214
1926,0.92144364
1927,0.8959625
1928,0.6484491
1929,0.69644344
1930,0.6677946
1931,0.82528096
1932,0.8400343
1933,0.7411777
1934,0.5133138
1935,0.6778595
1936,0.8691757
1937,0.8995724
1938,0.7766705
1939,0.8515046
1940,0.86937886
1941,0.85797703
1942,0.59245396
1943,0.9587776
1944,0.839788
1945,0.8695204
1946,0.9468297
1947,0.39967045
1948,0.9054294
1949,0.6538725
1950,0.7947751
1951,0.73132575
1952,0.79043293
1953,0.89990574
1954,0.9102086
1955,0.81956273
1956,0.7541785
1957,0.9447499
1958,0.62026715
1959,0.8767154
1960,0.76213515
1961,0.90085065
1962,0.716904
1963,0.82405347
1964,0.8828677
1965,0.7493663
1966,0.84486645
1967,0.76822805
1968,0.81689745
1969,0.93156266
1970,0.8454447
1971,0.75300074
1972,0.61682105
1973,0.6172853
1974,0.82931274
1975,0.7643229
1976,0.9038704
1977,0.8105375
1978,0.751957
1979,0.572371
1980,0.8635338
1981,0.87251157
1982,0.68867064
1983,0.56777686
1984,0.75381845
1985,0.73896605
1986,0.7915101
1987,0.6947313
1988,0.6241146
1989,0.87247455
1990,0.75552166
1991,0.80162907
1992,0.7822231
1993,0.79100144
1994,0.9514355
1995,0.8877563
1996,0.76988804
1997,0.4463563
1998,0.8739896
1999,0.79777026
2000,0.9249399
2001,0.7978549
2002,0.811621
2003,0.8537596
2004,0.68855995
2005,0.84338945
2006,0.8758096
2007,0.90174663
2008,0.8039459
2009,0.81157696
2010,0.88926864
2011,0.8238523
2012,0.97578716
2013,0.7357142
2014,0.94719523
2015,0.88879234
2016,0.7631787
2017,0.8898162
2018,0.8553833
2019,0.7750327
2020,0.9182976
2021,0.85880625
2022,0.6901688
2023,0.7382042
2024,0.8824034
2025,0.84247994
2026,0.6844772
2027,0.7936168
2028,0.8119133
2029,0.787815
2030,0.7933471
2031,0.84213483
2032,0.86073315
2033,0.8004523
2034,0.88125324
2035,0.84873086
2036,0.95935655
2037,0.75871694
2038,0.8017013
2039,0.5287519
2040,0.6001194
2041,0.78538775
2042,0.921044
2043,0.7205585
2044,0.8114722
2045,0.8396686
2046,0.8559642
2047,0.85341847
2048,0.90376157
2049,0.5363581
2050,0.79455286
2051,0.92919767
2052,0.9305907
2053,0.61203945
2054,0.62937284
2055,0.6412212
2056,0.7342922
2057,0.8209569
2058,0.67807823
2059,0.76719666
2060,0.8379197
2061,0.67650926
2062,0.8522553
2063,0.68703216
2064,0.7049474
2065,0.69413567
2066,0.781813
2067,0.6997575
2068,0.8907042
2069,0.83334374
2070,0.75899583
2071,0.6175206
2072,0.82292116
2073,0.7083481
2074,0.7867507
2075,0.86065394
2076,0.89576566
2077,0.9026764
2078,0.7181391
2079,0.7367485
2080,0.81347036
2081,0.7855462
2082,0.8858964
2083,0.89218765
2084,0.83498824
2085,0.82507634
2086,0.8900705
2087,0.75225854
2088,0.93081355
2089,0.7744596
2090,0.8785965
2091,0.87699956
2092,0.9257477
2093,0.7495387
2094,0.85232335
2095,0.5917184
2096,0.83387846
2097,0.94221646
2098,0.85090345
2099,0.75553465
2100,0.733848
2101,0.6162276
2102,0.9564664
2103,0.94870937
2104,0.86990213
2105,0.9021542
2106,0.5133362
2107,0.38350102
2108,0.9251748
2109,0.9191508
2110,0.84584075
2111,0.91500926
2112,0.96754754
2113,0.84266764
2114,0.7909237
2115,0.96143425
2116,0.83344907
2117,0.9328557
2118,0.5231854
2119,0.83525634
2120,0.8993974
2121,0.9062421
2122,0.849902
2123,0.80466586
2124,0.63916177
2125,0.56064314
2126,0.8954791
2127,0.649992
2128,0.86651886
2129,0.97100925
2130,0.8890127
2131,0.87665963
2132,0.9433368
2133,0.626016
2134,0.9165384
2135,0.8395009
2136,0.56275994
2137,0.84565353
2138,0.8872242
2139,0.87395614
2140,0.7679042
2141,0.8794331
2142,0.8053822
2143,0.70862144
2144,0.8202404
2145,0.59758717
2146,0.7488029
2147,0.78349525
2148,0.8485923
2149,0.9057937
2150,0.8491912
2151,0.88827413
2152,0.66101426
2153,0.935795
2154,0.7872927
2155,0.93021727
2156,0.93182975
2157,0.69860405
2158,0.8240684
2159,0.9201755
2160,0.8278412
2161,0.82357794
2162,0.81525415
2163,0.84128463
2164,0.7623513
2165,0.80684847
2166,0.88836914
2167,0.9107883
2168,0.92374074
2169,0.7093699
2170,0.8217123
2171,0.76714486
2172,0.6339479
2173,0.8273802
2174,0.7257817
2175,0.7709749
2176,0.8646642
2177,0.8759854
2178,0.84612393
2179,0.58925724
2180,0.6937729
2181,0.709991
2182,0.84390956
2183,0.63413817
2184,0.71614575
2185,0.8134056
2186,0.9363851
2187,0.8397541
2188,0.85948217
2189,0.9652272
2190,0.91059315
2191,0.64056575
2192,0.7957569
2193,0.9424782
2194,0.9638107
2195,0.757009
2196,0.95811915
2197,0.9196813
2198,0.6984465
2199,0.779851
2200,0.8387195
2201,0.78343487
2202,0.8965184
2203,0.7654679
2204,0.8008135
2205,0.9271433
2206,0.7876824
2207,0.69285053
2208,0.6932137
2209,0.8937762
2210,0.71898264
2211,0.8774263
2212,0.75486094
2213,0.66799706
2214,0.7222757
2215,0.8896653
2216,0.7790543
2217,0.7735924
2218,0.73522544
2219,0.9413385
2220,0.8152705
2221,0.8774263
2222,0.9295409
2223,0.8369734
2224,0.918739
2225,0.83203024
2226,0.8804208
2227,0.48479205
2228,0.801049
2229,0.6432659
2230,0.74848765
2231,0.9050014
2232,0.8928964
2233,0.90038097
2234,0.4101441
2235,0.75007737
2236,0.93757844
2237,0.8044899
2238,0.96506995
2239,0.7579921
2240,0.8552147
2241,0.96934605
2242,0.9376832
2243,0.94982356
2244,0.89810944
2245,0.9079093
2246,0.67897046
2247,0.6694554
2248,0.7571249
2249,0.7991253
2250,0.9283906
2251,0.87130576
2252,0.78299063
2253,0.5680344
2254,0.7384041
2255,0.8771708
2256,0.88310266
2257,0.85331035
2258,0.7941524
2259,0.86240035
2260,0.8705938
2261,0.65951407
2262,0.55428016
2263,0.73278683
2264,0.5875401
2265,0.8595644
2266,0.90052736
2267,0.8143054
2268,0.8395954
2269,0.6988198
2270,0.40954626
2271,0.54470944
2272,0.90217704
2273,0.6132232
2274,0.4429729
2275,0.8175331
2276,0.9211674
2277,0.67181665
2278,0.70480347
2279,0.7848151
2280,0.65134966
2281,0.9394027
2282,0.76446056
2283,0.918775
2284,0.7948796
2285,0.77001643
2286,0.8352283
2287,0.91645956
2288,0.97689056
2289,0.9214943
2290,0.80947345
2291,0.8408036
2292,0.9766657
2293,0.7408178
2294,0.850065
2295,0.83591837
2296,0.85126346
2297,0.95797545
2298,0.9597824
2299,0.70755965
2300,0.78499615
2301,0.5300042
2302,0.7095914
2303,0.74763256
2304,0.81506544
2305,0.84333116
2306,0.82311857
2307,0.7628393
2308,0.8368914
2309,0.94294155
2310,0.90950084
2311,0.89120466
2312,0.72271997
2313,0.6911392
2314,0.8897793
2315,0.8156796
2316,0.7465862
2317,0.67717564
2318,0.83594584
2319,0.8263543
2320,0.7471424
2321,0.67972213
2322,0.93211645
2323,0.7834592
2324,0.6510187
2325,0.7919612
2326,0.47482523
2327,0.94614047
2328,0.88619965
2329,0.9029114
2330,0.8512094
2331,0.9030902
2332,0.75380737
2333,0.899367
2334,0.9674144
2335,0.8924912
2336,0.94458145
2337,0.9480892
2338,0.7923748
2339,0.73341066
2340,0.9176897
2341,0.95760506
2342,0.83052564
2343,0.86143124
2344,0.6759126
2345,0.6588134
2346,0.70563763
2347,0.67138386
2348,0.9155786
2349,0.8783431
2350,0.7471125
2351,0.7978023
2352,0.936368
2353,0.84553283
2354,0.87777716
2355,0.8721188
2356,0.8577947
2357,0.720699
2358,0.6900692
2359,0.8700549
2360,0.67467976
2361,0.7129015
2362,0.97242594
2363,0.821931
2364,0.9450443
2365,0.68951106
2366,0.90283555
2367,0.85698885
2368,0.7453767
2369,0.87738943
2370,0.8471485
2371,0.8350045
2372,0.98767054
2373,0.8158954
2374,0.8905628
2375,0.94820815
2376,0.88880754
2377,0.79066056
2378,0.83202976
2379,0.88753474
2380,0.7098628
2381,0.6449433
2382,0.97086436
2383,0.73249763
2384,0.64259875
2385,0.79552066
2386,0.8988076
2387,0.84329635
2388,0.8417192
2389,0.86465645
2390,0.8943981
2391,0.83424664
2392,0.8171587
2393,0.57926846
2394,0.6479391
2395,0.81313044
2396,0.38506752
2397,0.8196316
2398,0.9101284
2399,0.7125184
2400,0.66636354
2401,0.84769815
2402,0.874938
2403,0.84167004
2404,0.8547607
2405,0.76297796
2406,0.8105081
2407,0.95024174
2408,0.79711324
2409,0.6737139
2410,0.84505516
2411,0.86160713
2412,0.70215106
2413,0.8291832
2414,0.90489787
2415,0.6178053
2416,0.8952096
2417,0.85225207
2418,0.8000036
2419,0.79939854
2420,0.737751
2421,0.9884548
2422,0.9671107
2423,0.7478392
2424,0.8243452
2425,0.6870361
2426,0.67245686
2427,0.8325844
2428,0.9046867
2429,0.9499746
2430,0.70474267
2431,0.67242414
2432,0.7030527
2433,0.77774996
2434,0.7863287
2435,0.7450431
2436,0.7524917
2437,0.7473426
2438,0.88244206
2439,0.8995074
2440,0.8756517
2441,0.749723
2442,0.822062
2443,0.9379147
2444,0.75451815
2445,0.77597356
2446,0.588208
2447,0.88744974
2448,0.9892502
2449,0.66154766
2450,0.82104486
2451,0.9128965
2452,0.69210494
2453,0.8075394
2454,0.70971787
2455,0.62667865
2456,0.6963881
2457,0.9259068
2458,0.6683999
2459,0.59429663
2460,0.8739012
2461,0.84830326
2462,0.80768585
2463,0.6678477
2464,0.59964323
2465,0.91452545
2466,0.8584987
2467,0.8116846
2468,0.60241795
2469,0.67846286
2470,0.54077005
2471,0.8215089
2472,0.92980504
2473,0.94599736
2474,0.7943742
2475,0.6950673
2476,0.78059906
2477,0.9493074
2478,0.67908216
2479,0.8607024
2480,0.6113337
2481,0.8696272
2482,0.6922452
2483,0.7304189
2484,0.8280354
2485,0.94178236
2486,0.8616905
2487,0.82733995
2488,0.8606141
2489,0.9191316
2490,0.86495316
2491,0.72225237
2492,0.9302447
2493,0.62803173
2494,0.6489758
2495,0.6224592
2496,0.85108453
2497,0.8282014
2498,0.9069383
2499,0.9439348
2500,0.90150136
2501,0.96195805
2502,0.8951965
2503,0.798788
2504,0.59698963
2505,0.6737467
2506,0.83657646
2507,0.7833624
2508,0.9112942
2509,0.73598135
2510,0.622222
2511,0.6856268
2512,0.75706726
2513,0.74193263
2514,0.76162344
2515,0.84431225
2516,0.8945095
2517,0.7639972
2518,0.7162128
2519,0.92062694
2520,0.83777356
2521,0.99291563
2522,0.6193714
2523,0.7006333
2524,0.9506035
2525,0.7550872
2526,0.8336453
2527,0.9680198
2528,0.63221335
2529,0.82825
2530,0.5966821
2531,0.9656196
2532,0.7767636
2533,0.9014599
2534,0.78959036
2535,0.920901
2536,0.79181045
2537,0.9674579
2538,0.7399292
2539,0.8472285
2540,0.8244457
2541,0.83515996
2542,0.60226196
2543,0.811031
2544,0.548722
2545,0.9231256
2546,0.90183127
2547,0.77574486
2548,0.7886391
2549,0.7753467
2550,0.7812064
2551,0.701621
2552,0.8871832
2553,0.7069587
2554,0.94654965
2555,0.6257858
2556,0.7230671
2557,0.90705234
2558,0.8981844
2559,0.62949836
2560,0.9116202
2561,0.6748997
2562,0.7571882
2563,0.7684282
2564,0.72055674
2565,0.9814027
2566,0.5383347
2567,0.67443717
2568,0.55498916
2569,0.94480735
2570,0.9369318
2571,0.6379387
2572,0.7338424
2573,0.9240799
2574,0.8408811
2575,0.80227983
2576,0.80271125
2577,0.88296014
2578,0.9150714
2579,0.817703
2580,0.7904475
2581,0.8537026
2582,0.9466942
2583,0.7522497
2584,0.8698127
2585,0.7756431
2586,0.78247786
2587,0.7880322
2588,0.62795025
2589,0.6875094
2590,0.744406
2591,0.8713056
2592,0.8403174
2593,0.8734283
2594,0.7727631
2595,0.8958197
2596,0.7721613
2597,0.76791596
2598,0.9096988
2599,0.8624122
2600,0.9482797
2601,0.95342124
2602,0.61647934
2603,0.6519507
2604,0.75831735
2605,0.8729807
2606,0.8820261
2607,0.8433787
2608,0.94017446
2609,0.85739547
2610,0.93069756
2611,0.60324395
2612,0.8078194
2613,0.79719555
2614,0.7797764
2615,0.9524684
2616,0.92272586
2617,0.72697383
2618,0.86822236
2619,0.85350245
2620,0.88073325
2621,0.65349907
2622,0.8502785
2623,0.70966065
2624,0.75101733
2625,0.51731956
2626,0.8056836
2627,0.90494126
2628,0.85470045
2629,0.91951877
2630,0.73623616
2631,0.8140301
2632,0.93584305
2633,0.72354704
2634,0.96091247
2635,0.8626426
2636,0.6897994
2637,0.91303784
2638,0.9164699
2639,0.9238848
2640,0.5724674
2641,0.5971975
2642,0.66271514
2643,0.7762736
2644,0.91903645
2645,0.7065647
2646,0.71074843
2647,0.57432646
2648,0.90187395
2649,0.82335895
2650,0.9289221
2651,0.6454868
2652,0.9090634
2653,0.8665784
2654,0.8647067
2655,0.9157955
2656,0.70682395
2657,0.80359095
2658,0.842028
2659,0.7381964
2660,0.6286031
2661,0.91638684
2662,0.8192369
2663,0.7405352
2664,0.5993294
2665,0.8321244
2666,0.9132074
2667,0.850909
2668,0.90235144
2669,0.7821069
2670,0.8500392
2671,0.7588296
2672,0.9117324
2673,0.9885649
2674,0.89272106
2675,0.83979255
2676,0.8364226
2677,0.63808125
2678,0.54552007
2679,0.88015366
2680,0.850457
2681,0.8073407
2682,0.8493963
2683,0.7102523
2684,0.789873
2685,0.92064965
2686,0.86851305
2687,0.8436218
2688,0.66732484
2689,0.9046153
2690,0.704935
2691,0.7562187
2692,0.94411826
2693,0.84384745
2694,0.7724762
2695,0.54665285
2696,0.71459514
2697,0.84462535
2698,0.70215476
2699,0.70877486
2700,0.86275744
2701,0.72794586
2702,0.7591744
2703,0.9264918
2704,0.7770512
2705,0.7819384
2706,0.87469023
2707,0.8235513
2708,0.7895183
2709,0.7140531
2710,0.84383225
2711,0.8850044
2712,0.6645258
2713,0.94602907
2714,0.7312
2715,0.8728769
2716,0.92933637
2717,0.70958155
2718,0.8220046
2719,0.9179541
2720,0.69170076
2721,0.88809043
2722,0.6628487
2723,0.58143467
2724,0.7803789
2725,0.9117083
2726,0.86545306
2727,0.7431356
2728,0.7206614
2729,0.9408984
2730,0.91041833
2731,0.92668545
2732,0.8519611
2733,0.7897773
2734,0.76241714
2735,0.9119604
2736,0.85796034
2737,0.5070722
2738,0.9024287
2739,0.9349086
2740,0.81508416
2741,0.9118291
2742,0.8846807
2743,0.7468379
2744,0.91834843
2745,0.9153036
2746,0.71906626
2747,0.83396983
2748,0.85019183
2749,0.953243
2750,0.8008898
2751,0.8963136
2752,0.78495044
2753,0.7328155
2754,0.70641434
2755,0.89012027
2756,0.69513965
2757,0.7162886
2758,0.75222677
2759,0.6986306
2760,0.7992932
2761,0.62999284
2762,0.91056556
2763,0.9807216
2764,0.8568671
2765,0.88816947
2766,0.91208726
2767,0.891635
2768,0.64927495
2769,0.6670181
2770,0.94598585
2771,0.5865197
2772,0.72085917
2773,0.5077606
2774,0.94580376
2775,0.72431135
2776,0.72406024
2777,0.8809029
2778,0.7090344
2779,0.9731128
2780,0.53713185
2781,0.8302461
2782,0.938669
2783,0.8587983
2784,0.891684
2785,0.9306138
2786,0.8743939
2787,0.82594
2788,0.6783572
2789,0.8115997
2790,0.8559746
2791,0.86933213
2792,0.6937074
2793,0.9268744
2794,0.9008168
2795,0.91290694
2796,0.7896772
2797,0.634375
2798,0.47625613
2799,0.9190486
2800,0.85095835
2801,0.87914556
2802,0.95563143
2803,0.92513245
2804,0.59588045
2805,0.6641651
2806,0.6941886
2807,0.8733931
2808,0.78744066
2809,0.80319875
2810,0.734397
2811,0.54927385
2812,0.83968496
2813,0.9918582
2814,0.9522098
2815,0.88162154
2816,0.75940657
2817,0.5816697
2818,0.727034
2819,0.93377405
2820,0.845082
2821,0.938769
2822,0.86709166
2823,0.79374224
2824,0.880098
2825,0.8990485
2826,0.6431608
2827,0.78585464
2828,0.73381656
2829,0.86700296
2830,0.9077806
2831,0.7844908
2832,0.8514739
2833,0.91688436
2834,0.8963924
2835,0.8993386
2836,0.9469854
2837,0.80888295
2838,0.7665417
2839,0.76112616
2840,0.70586437
2841,0.8777708
2842,0.6362069
2843,0.7031822
2844,0.96843284
2845,0.905178
2846,0.6829366
2847,0.7761269
2848,0.7019703
2849,0.7269592
2850,0.8578179
2851,0.9356892
2852,0.84000516
2853,0.83179635
2854,0.68334275
2855,0.76110345
2856,0.9251081
2857,0.9171756
2858,0.7845293
2859,0.95918477
2860,0.7533162
2861,0.7930252
2862,0.7002123
2863,0.6695382
2864,0.82350594
2865,0.97472364
2866,0.6526463
2867,0.78635293
2868,0.82544255
2869,0.87767994
2870,0.7885898
2871,0.67519176
2872,0.8988967
2873,0.7923936
2874,0.56914234
2875,0.8692312
2876,0.70325774
2877,0.834647
2878,0.8415812
2879,0.71437496
2880,0.6571667
2881,0.82372177
2882,0.9398426
2883,0.7924913
2884,0.8969844
2885,0.86708313
2886,0.75335747
2887,0.90358543
2888,0.80232364
2889,0.90750504
2890,0.9324536
2891,0.87215436
2892,0.7225237
2893,0.9154854
2894,0.7909326
2895,0.7033241
2896,0.8947924
2897,0.8826395
2898,0.8450552
2899,0.794599
2900,0.9832055
2901,0.6319254
2902,0.5892453
2903,0.8669227
2904,0.8115518
2905,0.6990157
2906,0.6770255
2907,0.5980502
2908,0.88600576
2909,0.9212334
2910,0.85288525
2911,0.8835292
2912,0.87703377
2913,0.92667234
2914,0.9716736
2915,0.7718287
2916,0.55463487
2917,0.7096335
2918,0.9881188
2919,0.96231693
2920,0.8372163
2921,0.7178962
2922,0.45030507
2923,0.93366414
2924,0.74928945
2925,0.71633285
2926,0.8255967
2927,0.83589906
2928,0.8457068
2929,0.61990833
2930,0.96839464
2931,0.98690283
2932,0.7453952
2933,0.83785933
2934,0.7036051
2935,0.84215057
2936,0.8443381
2937,0.760955
2938,0.7696601
2939,0.9338573
2940,0.70064217
2941,0.7922302
2942,0.57488877
2943,0.7333142
2944,0.9284569
2945,0.7612027
2946,0.9072288
2947,0.79051846
2948,0.6374539
2949,0.49618602
2950,0.7356229
2951,0.57410085
2952,0.84795827
2953,0.7934262
2954,0.8919263
2955,0.934281
2956,0.85208887
2957,0.5889168
2958,0.7653266
2959,0.7560691
2960,0.8208992
2961,0.84352225
2962,0.8236055
2963,0.6962247
2964,0.75692
2965,0.8313606
2966,0.97408414
2967,0.7723279
2968,0.86507845
2969,0.86763245
2970,0.94536793
2971,0.75521886
2972,0.8867077
2973,0.5264737
2974,0.8685798
2975,0.8535909
2976,0.5666543
2977,0.80711675
2978,0.8702298
2979,0.97833896
2980,0.8928135
2981,0.7736536
2982,0.7953149
2983,0.92497474
2984,0.4472415
2985,0.78321946
2986,0.588162
2987,0.65173006
2988,0.7211507
2989,0.97137964
2990,0.85395706
2991,0.92572737
2992,0.8521775
2993,0.8134509
2994,0.8759781
2995,0.8650012
2996,0.90373343
2997,0.67888075
2998,0.7706451
2999,0.94978756
3000,0.89122576
3001,0.59548587
3002,0.90053135
3003,0.92283696
3004,0.7247636
3005,0.72535187
3006,0.92727035
3007,0.91523284
3008,0.8794432
3009,0.7246721
3010,0.44721422
3011,0.52805454
3012,0.874975
3013,0.916186
3014,0.7697171
3015,0.94310015
3016,0.95872307
3017,0.6201463
3018,0.83632565
3019,0.9166391
3020,0.74882805
3021,0.85508037
3022,0.80093735
3023,0.80430126
3024,0.7624361
3025,0.77955073
3026,0.8729088
3027,0.72330517
3028,0.83015996
3029,0.62982976
3030,0.85217625
3031,0.9398059
3032,0.84414023
3033,0.60428715
3034,0.972295
3035,0.7773693
3036,0.97774065
3037,0.81509405
3038,0.8835472
3039,0.7291857
3040,0.5932336
3041,0.7800332
3042,0.95662713
3043,0.9372522
3044,0.6568702
3045,0.634048
3046,0.92970765
3047,0.86960316
3048,0.7941827
3049,0.9337405
3050,0.9006057
3051,0.90786743
3052,0.80384165
3053,0.8556392
3054,0.88331777
3055,0.9226458
3056,0.72377354
3057,0.93008345
3058,0.76193446
3059,0.8025311
3060,0.9451761
3061,0.7404743
3062,0.761339
3063,0.7975204
3064,0.81610596
3065,0.85129154
3066,0.8552931
3067,0.8653539
3068,0.80241865
3069,0.7342697
3070,0.8354692
3071,0.8058495
3072,0.9851334
3073,0.49725598
3074,0.9553802
3075,0.89437413
3076,0.6498076
3077,0.70664054
3078,0.76803625
3079,0.7669535
3080,0.63207424
3081,0.74423754
3082,0.8814363
3083,0.67393005
3084,0.4621757
3085,0.86038953
3086,0.50392216
3087,0.5914935
3088,0.9271085
3089,0.9295038
3090,0.9026153
3091,0.8702746
3092,0.7426182
3093,0.6529609
3094,0.5151993
3095,0.8306523
3096,0.96409553
3097,0.8632027
3098,0.7984004
3099,0.86346215
3100,0.8592994
3101,0.75097674
3102,0.9013046
3103,0.9579309
3104,0.79795414
3105,0.6954554
3106,0.89084244
3107,0.77407247
3108,0.948906
3109,0.6517756
3110,0.76677394
3111,0.8341621
3112,0.8430452
3113,0.712399
3114,0.8655655
3115,0.5881465
3116,0.79302794
3117,0.74062514
3118,0.8558319
3119,0.9063595
3120,0.6764301
3121,0.7376839
3122,0.8297061
3123,0.7424612
3124,0.91876525
3125,0.8554525
3126,0.60351443
3127,0.81764144
3128,0.9121317
3129,0.8209051
3130,0.8649348
3131,0.7157356
3132,0.5827504
3133,0.83105415
3134,0.8426276
3135,0.76918304
3136,0.8007394
3137,0.89428693
3138,0.957859
3139,0.8539969
3140,0.9106498
3141,0.70670927
3142,0.724304
3143,0.6806147
3144,0.88818544
3145,0.7622955
3146,0.91344863
3147,0.7851886
3148,0.94125515
3149,0.75118
3150,0.967822
3151,0.75595796
3152,0.56039506
3153,0.73222995
3154,0.705759
3155,0.63475573
3156,0.77936774
3157,0.7200419
3158,0.9075339
3159,0.7993154
3160,0.7564008
3161,0.8387724
3162,0.8965055
3163,0.9721624
3164,0.5250943
3165,0.942298
3166,0.6749755
3167,0.69887817
3168,0.81484145
3169,0.94691527
3170,0.853216
3171,0.8245574
3172,0.8668609
3173,0.6627256
3174,0.95014405
3175,0.5074331
3176,0.71592075
3177,0.92704076
3178,0.6129048
3179,0.82652473
3180,0.61466014
3181,0.87158555
3182,0.96144414
3183,0.9168113
3184,0.9710722
3185,0.91043895
3186,0.7246399
3187,0.7406004
3188,0.95915854
3189,0.71760035
3190,0.84149104
3191,0.6216302
3192,0.6138617
3193,0.74982816
3194,0.80212843
3195,0.73489
3196,0.8316286
3197,0.8745092
3198,0.69243354
3199,0.8033898
3200,0.9002626
3201,0.76035637
3202,0.8609343
3203,0.86141735
3204,0.76349026
3205,0.88103163
3206,0.89145714
3207,0.80962384
3208,0.52358836
3209,0.83075905
3210,0.4190371
3211,0.823976
3212,0.58105546
3213,0.799846
3214,0.9119392
3215,0.7124044
3216,0.8470888
3217,0.8767474
3218,0.9626439
3219,0.7821391
3220,0.94272196
3221,0.7877633
3222,0.89685065
3223,0.7410698
3224,0.5667579
3225,0.90878785
3226,0.8784344
3227,0.8673042
3228,0.46985832
3229,0.8329773
3230,0.9346365
3231,0.9474771
3232,0.80674213
3233,0.66933525
3234,0.860048
3235,0.78615713
3236,0.9858279
3237,0.87535286
3238,0.4934358
3239,0.8261591
3240,0.6984888
3241,0.79912037
3242,0.82676995
3243,0.90688163
3244,0.6239969
3245,0.86451006
3246,0.9198937
3247,0.93349445
3248,0.66504395
3249,0.70375586
3250,0.83530635
3251,0.9594588
3252,0.8632692
3253,0.8050588
3254,0.88310933
3255,0.6373019
3256,0.71459866
3257,0.5851267
3258,0.8351919
3259,0.6608172
3260,0.9424156
3261,0.9023286
3262,0.6809383
3263,0.9180162
3264,0.9168482
3265,0.9801753
3266,0.8515534
3267,0.9368865
3268,0.8805878
3269,0.7559965
3270,0.90878344
3271,0.8891689
3272,0.77857447
3273,0.7865822
3274,0.8425187
3275,0.87121993
3276,0.86127985
3277,0.7512861
3278,0.6984685
3279,0.63079125
3280,0.9219665
3281,0.7859127
3282,0.6041024
3283,0.7326908
3284,0.82921535
3285,0.94571114
3286,0.9010763
3287,0.8230136
3288,0.7442613
3289,0.79303133
3290,0.69007784
3291,0.83405125
3292,0.88446736
3293,0.7799354
3294,0.5935316
3295,0.6719862
3296,0.7303706
3297,0.806278
3298,0.8425064
3299,0.80848247
3300,0.8941462
3301,0.80958736
3302,0.62469786
3303,0.5194973
3304,0.88187516
3305,0.7506569
3306,0.8650392
3307,0.63132334
3308,0.6645185
3309,0.65995485
3310,0.7718849
3311,0.8399479
3312,0.8912224
3313,0.8382715
3314,0.7364366
3315,0.6509618
3316,0.7678453
3317,0.8865271
3318,0.9248168
3319,0.60979366
3320,0.515242
3321,0.9256301
3322,0.65043736
3323,0.6005924
3324,0.6825267
3325,0.96962446
3326,0.72746575
3327,0.7781802
3328,0.44965947
3329,0.83973914
3330,0.99732
3331,0.761953
3332,0.79429764
3333,0.84093124
3334,0.6622573
3335,0.6669737
3336,0.9550706
3337,0.77056587
3338,0.73118216
3339,0.7614582
3340,0.7157417
3341,0.88855475
3342,0.8893625
3343,0.91923445
3344,0.55082697
3345,0.75311023
3346,0.8362989
3347,0.73104435
3348,0.48859128
3349,0.6433018
3350,0.80877876
3351,0.8593846
3352,0.67162526
3353,0.7342868
3354,0.56669897
3355,0.62888914
3356,0.4036465
3357,0.7154333
3358,0.85445327
3359,0.89002824
3360,0.8263983
3361,0.81846553
3362,0.75308895
3363,0.8634585
3364,0.95910513
3365,0.7923605
3366,0.85037667
3367,0.9544751
3368,0.69768447
3369,0.9825348
3370,0.7407435
3371,0.70881444
3372,0.4891334
3373,0.9295354
3374,0.9505071
3375,0.8951283
3376,0.8563857
3377,0.8137804
3378,0.9573428
3379,0.9821056
3380,0.83225214
3381,0.6064352
3382,0.6451663
3383,0.8061086
3384,0.6930289
3385,0.69267994
3386,0.8355181
3387,0.844783
3388,0.7416785
3389,0.9530946
3390,0.8553202
3391,0.7105001
3392,0.7263819
3393,0.6033594
3394,0.772062
3395,0.9107873
3396,0.7749104
3397,0.5903974
3398,0.73306865
3399,0.91176933
3400,0.68346804
3401,0.96234554
3402,0.9024947
3403,0.8244956
3404,0.7160926
3405,0.79334426
3406,0.89653575
3407,0.8785745
3408,0.85045373
3409,0.7683588
3410,0.8397004
3411,0.9059445
3412,0.79436845
3413,0.81371814
3414,0.80208397
3415,0.7795952
3416,0.97376436
3417,0.88399863
3418,0.62238264
3419,0.7591289
3420,0.8929959
3421,0.87818265
3422,0.98279506
3423,0.9424598
3424,0.82302123
3425,0.82718617
3426,0.7775316
3427,0.85260946
3428,0.8899902
3429,0.8835348
3430,0.7446199
3431,0.78176653
3432,0.8131258
3433,0.43179786
3434,0.8987805
3435,0.72468305
3436,0.7951613
3437,0.84219503
3438,0.7500415
3439,0.7927284
3440,0.54546237
3441,0.7955713
3442,0.7648607
3443,0.6859603
3444,0.89104164
3445,0.78245157
3446,0.7853755
3447,0.8240967
3448,0.8461421
3449,0.930596
3450,0.7796391
3451,0.88583094
3452,0.78400534
3453,0.82791054
3454,0.84511185
3455,0.58560926
3456,0.94033825
3457,0.8778398
3458,0.63669777
3459,0.80109525
3460,0.74174434
3461,0.92318934
3462,0.9205066
3463,0.6206683
3464,0.7297022
3465,0.86805737
3466,0.8383484
3467,0.8301758
3468,0.7884836
3469,0.70975316
3470,0.8850336
3471,0.8978975
3472,0.69049925
3473,0.4442822
3474,0.57550454
3475,0.93477625
3476,0.90827334
3477,0.72181004
3478,0.9035842
3479,0.7211666
3480,0.7331706
3481,0.52431715
3482,0.89503545
3483,0.82161164
3484,0.5759059
3485,0.8645519
3486,0.77081203
3487,0.500143
3488,0.8455545
3489,0.95851356
3490,0.72352606
3491,0.7477248
3492,0.6795421
3493,0.8682085
3494,0.91569614
3495,0.8883278
3496,0.693244
3497,0.73784834
3498,0.87836057
3499,0.70741755
3500,0.9585631
3501,0.8491079
3502,0.91929406
3503,0.66051626
3504,0.6880589
3505,0.9233246
3506,0.40014017
3507,0.850478
3508,0.9035096
3509,0.8022391
3510,0.9099329
3511,0.88088816
3512,0.6516516
3513,0.8906539
3514,0.7588021
3515,0.7009686
3516,0.80739945
3517,0.7917994
3518,0.446003
3519,0.8316904
3520,0.807205
3521,0.8590091
3522,0.7869498
3523,0.6529191
3524,0.91763407
3525,0.7163751
3526,0.8608877
3527,0.7330493
3528,0.77209485
3529,0.7634702
3530,0.94258153
3531,0.95539165
3532,0.56566346
3533,0.71568924
3534,0.8025706
3535,0.8064134
3536,0.9558689
3537,0.8555565
3538,0.6101937
3539,0.87080956
3540,0.75294894
3541,0.73696196
3542,0.8923096
3543,0.7385484
3544,0.84906965
3545,0.6300009
3546,0.77449626
3547,0.90924734
3548,0.8306149
3549,0.94690174
3550,0.71756923
3551,0.80329305
3552,0.9494023
3553,0.747589
3554,0.7147828
3555,0.8805855
3556,0.913476
3557,0.8759323
3558,0.85612637
3559,0.7738433
3560,0.833164
3561,0.8279806
3562,0.98578113
3563,0.7251836
3564,0.8472462
3565,0.8957094
3566,0.7931408
3567,0.6781508
3568,0.88732374
3569,0.9262412
3570,0.72949713
3571,0.85064185
3572,0.6067633
3573,0.8964859
3574,0.8101202
3575,0.65129733
3576,0.6892675
3577,0.780757
3578,0.7752025
3579,0.95035684
3580,0.9080966
3581,0.65105593
3582,0.6367531
3583,0.8059115
3584,0.827631
3585,0.8964024
3586,0.9833924
3587,0.6175256
3588,0.95853823
3589,0.881256
3590,0.81813776
3591,0.7576014
3592,0.60075366
3593,0.77901345
3594,0.73879576
3595,0.8178255
3596,0.8255619
3597,0.8164028
3598,0.8433832
3599,0.8708772
3600,0.5753416
3601,0.7450122
3602,0.66046447
3603,0.8987807
3604,0.91961205
3605,0.8946517
3606,0.7478092
3607,0.8878199
3608,0.933481
3609,0.5779705
3610,0.6747302
3611,0.78988016
3612,0.9429091
3613,0.86031055
3614,0.8955327
3615,0.56404775
3616,0.7515991
3617,0.891154
3618,0.9435967
3619,0.6894815
3620,0.9568093
3621,0.9119442
3622,0.8276032
3623,0.62969786
3624,0.9489709
3625,0.7718896
3626,0.6353337
3627,0.38977405
3628,0.9589024
3629,0.37286627
3630,0.39961803
3631,0.7061689
3632,0.7731551
3633,0.65861213
3634,0.6728341
3635,0.8135995
3636,0.9535357
3637,0.98149097
3638,0.8214262
3639,0.76608956
3640,0.7480379
3641,0.71202797
3642,0.9060241
3643,0.72238725
3644,0.7472796
3645,0.77374405
3646,0.97443175
3647,0.89578277
3648,0.9119311
3649,0.68881464
3650,0.76206595
3651,0.8156722
3652,0.7554749
3653,0.6804613
3654,0.8069359
3655,0.8499719
3656,0.7836832
3657,0.8779841
3658,0.8781967
3659,0.79243153
3660,0.8293269
3661,0.67545974
3662,0.90761
3663,0.69702893
3664,0.8839787
3665,0.8948869
3666,0.8704159
3667,0.83109605
3668,0.5144478
3669,0.78911245
3670,0.91573143
3671,0.7576242
3672,0.96289265
3673,0.72902876
3674,0.70583224
3675,0.8309734
3676,0.7371959
3677,0.46853554
3678,0.7765051
3679,0.68096876
3680,0.85125834
3681,0.7016116
3682,0.8411042
3683,0.94378656
3684,0.9016429
3685,0.39204448
3686,0.90167075
3687,0.6161815
3688,0.69072634
3689,0.66881955
3690,0.7714578
3691,0.757852
3692,0.87729657
3693,0.741838
3694,0.9153273
3695,0.90979475
3696,0.78087825
3697,0.9009418
3698,0.9181737
3699,0.78566617
3700,0.88975036
3701,0.8458797
3702,0.63734466
3703,0.94814867
3704,0.84520185
3705,0.8746054
3706,0.7237073
3707,0.7778119
3708,0.88039374
3709,0.5701821
3710,0.76599574
3711,0.65483797
3712,0.88616526
3713,0.8477738
3714,0.9428467
3715,0.823563
3716,0.92569894
3717,0.84060085
3718,0.95658875
3719,0.95137745
3720,0.7551781
3721,0.6178905
3722,0.55091345
3723,0.6764153
3724,0.41621307
3725,0.76477295
3726,0.67877847
3727,0.50104433
3728,0.6676481
3729,0.69673336
3730,0.90356493
3731,0.7976463
3732,0.7050233
3733,0.8190485
3734,0.91363436
3735,0.7007342
3736,0.6532489
3737,0.9546621
3738,0.69836026
3739,0.5645187
3740,0.81878406
3741,0.850827
3742,0.7896093
3743,0.87901646
3744,0.95365274
3745,0.82645994
3746,0.8162417
3747,0.9738395
3748,0.6784026
3749,0.8055701
3750,0.757149
3751,0.8403955
3752,0.97569567
3753,0.9514969
3754,0.95676166
3755,0.81279135
3756,0.83922327
3757,0.8508714
3758,0.7329456
3759,0.81767404
3760,0.90195924
3761,0.6354723
3762,0.9801176
3763,0.77293783
3764,0.9271935
3765,0.7599822
3766,0.8660688
3767,0.8824713
3768,0.8836929
3769,0.76515096
3770,0.64306927
3771,0.5707563
3772,0.76319355
3773,0.8558202
3774,0.640751
3775,0.7341302
3776,0.82061964
3777,0.7658231
3778,0.72918165
3779,0.8879056
3780,0.67867756
3781,0.69671965
3782,0.78450966
3783,0.7829153
3784,0.5668089
3785,0.73654896
3786,0.9551996
3787,0.803318
3788,0.82636946
3789,0.83896375
3790,0.8049506
3791,0.68509805
3792,0.60260606
3793,0.66107655
3794,0.9322254
3795,0.76545197
3796,0.7189362
3797,0.94647276
3798,0.7256896
